id,email,password,handle
1,tbudden0@surveymonkey.com,3U0HxFg,mdeyes0
2,klowery1@discovery.com,Fk7nluZ,nleconte1
3,nlanston2@yandex.ru,qNhyRPROQN,lgarner2
4,lsemper3@harvard.edu,X2lulT59qC,jlaraway3
5,smcpartlin4@sina.com.cn,kMzgRSh1pb,merrigo4
6,kcohen5@imageshack.us,g4rKFo5,jchatelet5
7,bdevigne6@multiply.com,61faj6u6,naylen6
8,nbiasini7@sitemeter.com,yEOSjHTlI,cpennycuick7
9,snevill8@storify.com,mOUPSRbBmC,apietruschka8
10,broads9@shop-pro.jp,0iSRGAw8,fkassman9
11,clamberta@china.com.cn,Mn6nuIv2,lswadlinga
12,awillwoodb@gmpg.org,FaAwBK,ecundeyb
13,jaitchesonc@wikipedia.org,yK1riuMZ1X1,tcahenc
14,gmacnaughtond@constantcontact.com,YsjmeZxp,xwinkettd
15,glurrimane@jalbum.net,l68cJSMV,bsimonee
16,fbamseyf@usnews.com,dzinGIItJB,dbigmoref
17,rgooseyg@nih.gov,TE2Z77WD6P,lgreggorg
18,bmordecaih@oaic.gov.au,SYvtpR7MUPN6,rburhillh
19,agoulbournei@t.co,2xr1yHcSH4hm,bperillioi
20,swiggamj@usatoday.com,6APiA8Ku,fdooguej
21,amapamk@boston.com,ZkszKEfkLF,vcristoferik
22,eagarl@google.co.uk,BT4oZ0,bwormleightonl
23,amorrantm@earthlink.net,LF4Xhk,gjorissenm
24,gmaxtedn@jiathis.com,alyj1HiTF1Z1,santhoneyn
25,fdellortoo@icio.us,ezSCrmaimK,smabero
26,aballachp@mapy.cz,DKNkjz9zGd,mtreadgoldp
27,scicculiq@weibo.com,OiLi88qIy1,owatersonq
28,dklugmanr@howstuffworks.com,sBvGLzHPvAm,rbrahmerr
29,dskivingtons@icio.us,BsffxA,rbowlds
30,cjanaszkiewiczt@noaa.gov,KNFFeLz,jnanit
31,fspaceyu@washington.edu,ENnUaxr8wnt3,mhayhoeu
32,jannakinv@forbes.com,WKPtMjTepk,htimlettv
33,vdunkerlyw@skype.com,RmdNhuhe0s,krizzettiw
34,cpankethx@nydailynews.com,UpU2HxgL,vrennixx
35,rstealeyy@lycos.com,HGIvZg,rlagrangey
36,dfaintz@artisteer.com,Nt4QGME,hcassellz
37,vblooman10@zimbio.com,E4GwDGVdR,rcabrara10
38,mmote11@tinypic.com,X0JvVF765k0,mfurzey11
39,cyosifov12@gmpg.org,MTfkkATsj,ttieraney12
40,gstammirs13@amazon.de,IdHmAEPtfdHP,gsilverthorn13
41,tpavlovic14@china.com.cn,uMoHqia,sleglise14
42,rcartledge15@mlb.com,TVXRYx3gw,lpendlebery15
43,tdonovin16@ftc.gov,8x0w3jp,jreneke16
44,lpicknett17@unesco.org,awgI62eZG,lwaberer17
45,hromanski18@si.edu,IMbjIR5Y,grichemond18
46,sgrayley19@google.co.uk,L5AVysAUsOB,mjorez19
47,mmeachem1a@aboutads.info,KMOYVB8,mdallemore1a
48,hbarrowcliffe1b@w3.org,u2KHisehsLMt,gcoper1b
49,grosenkrantz1c@github.com,HE0seIbh,mkilcoyne1c
50,agauson1d@storify.com,CxMdLAtNu,dwaliszek1d
51,mjanks1e@dagondesign.com,yEbe1jGax,amarusic1e
52,rtock1f@hibu.com,y3trKqjA,nlavers1f
53,eunderwood1g@networksolutions.com,oQKgpw3cij7d,jcherrett1g
54,escheffler1h@hhs.gov,AlUFYSedM,dhingeley1h
55,ocleworth1i@quantcast.com,TUt1BLtGnRMg,epavia1i
56,ecocher1j@mashable.com,j4GWo0xI7w,ugiven1j
57,wglasspool1k@nba.com,DiXhyNcR8n,helgey1k
58,flinsley1l@amazon.co.jp,yeArbU,fbeswell1l
59,afriedlos1m@home.pl,jq2bkn4XjNP,jvongrollmann1m
60,sbenettini1n@mapy.cz,LF3TDPJk717,eetock1n
61,pwrout1o@wiley.com,4HAwoL5dWWd,bsmewing1o
62,sbaynam1p@sun.com,8ogt5BCgz70,skondrachenko1p
63,kgammade1q@columbia.edu,sjBAwE,xprickett1q
64,lgorring1r@geocities.com,DptSEFh,acawthry1r
65,tswalowe1s@geocities.com,RjpqNg,rtoretta1s
66,gconneau1t@goodreads.com,EMOV0HpDdob,jturone1t
67,wdomaschke1u@eepurl.com,5AYyaIWsMdfG,lbim1u
68,adodgshun1v@myspace.com,2Cl9EOJjj,cspringthorpe1v
69,bburling1w@yandex.ru,698jl670,nakker1w
70,rclarycott1x@seattletimes.com,6psNoUW1U,tharuard1x
71,bpaulusch1y@1688.com,TPNlUkk6a,clillford1y
72,dlinneman1z@yellowbook.com,mF44pv,bbrosoli1z
73,bpilbeam20@blog.com,k4MbEA4,kibbett20
74,raddekin21@japanpost.jp,Y33upC6XDL1,vburris21
75,rsleicht22@cnet.com,V4uGA6q6S,jcartmael22
76,lpierucci23@oaic.gov.au,cH8r6YEmd9Jw,rhaps23
77,mmidgely24@aol.com,LXv0BO,gpaur24
78,lkadar25@forbes.com,3j1BjThX7,bspieght25
79,eneesam26@nbcnews.com,iLZc71daMG,cdiss26
80,vbraz27@loc.gov,yt3b6Kn8ErGG,aharrild27
81,cmccue28@ft.com,5ssQkDO70A,rvellender28
82,mbroderick29@yale.edu,HWIDG2,cclissett29
83,egothrup2a@studiopress.com,z5EbcjNMegBi,mwelland2a
84,mharkus2b@dagondesign.com,MSGKijuNIV8,ksimcock2b
85,bsteane2c@google.it,KW3n6BBL2fw,vmonckton2c
86,mrayburn2d@360.cn,Loml5ANkg,tfronczak2d
87,sdempsey2e@marketwatch.com,QimH4cImSpcP,hwayvill2e
88,amacgaughy2f@github.io,GgJzQiTWj2,kbriiginshaw2f
89,mglaisner2g@reference.com,OEbYrRBku2IM,kstredder2g
90,bvanweedenburg2h@constantcontact.com,fcVVtKc,khuelin2h
91,ddiemer2i@huffingtonpost.com,lV2Bqlj6dqde,hather2i
92,lsiemon2j@so-net.ne.jp,bf0PL4XmG6A,bcicutto2j
93,edavidovics2k@simplemachines.org,nBybcpg,dwrefford2k
94,gpestridge2l@ovh.net,cWIHdNg1OH2,nmorphew2l
95,kgiacopelo2m@spiegel.de,OIlQSa2,hlovett2m
96,cbelford2n@seattletimes.com,YPJHjj1Vz,sdegue2n
97,mmccardle2o@skype.com,hstJSS4,lfawson2o
98,ldominichetti2p@upenn.edu,YgpJUbSwSEM,sblacksland2p
99,eloveland2q@blogtalkradio.com,UM3JRrRmdeM,tdickons2q
100,gfredi2r@dedecms.com,FrpaLfXQQWJ,nradmer2r
101,eterris2s@independent.co.uk,0Q6w4BARLBN,sbartell2s
102,bmilner2t@de.vu,tZLg9Ggn,awiddocks2t
103,chartless2u@mapquest.com,VyImgSygsR76,rhuison2u
104,egeach2v@cocolog-nifty.com,fBYl7wlR9N,rmacgibbon2v
105,eswepson2w@flickr.com,UiLlAq,tfinlay2w
106,milchenko2x@netlog.com,zGPvuP,vwoloschinski2x
107,scapes2y@dell.com,wx341M,tbalazot2y
108,adismore2z@google.com.br,JONPNG35,fperche2z
109,eprater30@cpanel.net,bnaWQXV,eciccottini30
110,aesterbrook31@ask.com,sG49ATeUb81,mbaguley31
111,pbuckner32@apple.com,LPKhwsar,cmenendez32
112,afullerton33@xing.com,aKJKStypcpc,jmair33
113,mfavill34@senate.gov,pdZqX4h,sclarricoates34
114,edonnett35@salon.com,36XGgy,bnesbitt35
115,rdinapoli36@dot.gov,6xTlAOTsHVMf,pgres36
116,jswatton37@addthis.com,Y4WnzFESQg4J,lhatherleigh37
117,lperchard38@zimbio.com,7MVeaVUu9xj,onissle38
118,dmabley39@cbc.ca,gdsLR3bo,scrisell39
119,gannatt3a@trellian.com,qYRU4j,bhalladay3a
120,tglaves3b@flavors.me,qNzgkHa54Yxn,ayegorovnin3b
121,dkrug3c@google.com,JwOexc0QnNB,askeggs3c
122,lnovotna3d@oakley.com,jFLKx98,gbennetto3d
123,ggannicleff3e@altervista.org,y0UHMC,lendrici3e
124,agoodenough3f@nasa.gov,yfIae5,tspiniello3f
125,mvettore3g@dyndns.org,gUNlyL4,vbiermatowicz3g
126,fblucher3h@wikia.com,JEc5qV,rpashbee3h
127,gparratt3i@mlb.com,v6YHaQj6,hmatchell3i
128,priggey3j@gizmodo.com,kO0LFU9FJfv,dolyfat3j
129,csankey3k@indiatimes.com,3FM89C8tmoIG,kdaout3k
130,acuerdall3l@shop-pro.jp,AGMTOVleu,aewens3l
131,mheap3m@jalbum.net,vk5aDwmTGd,psturridge3m
132,bmowne3n@army.mil,9R4CbJvNII,hmyers3n
133,ocordelle3o@adobe.com,UMbZXbo6j,gsicha3o
134,mkurton3p@techcrunch.com,mTX54RInYj,gboland3p
135,phablot3q@youtu.be,sqDwQ9quFnZ,mmccullock3q
136,cluetkemeyers3r@independent.co.uk,rcbJnAm2X,aneilan3r
137,ccoste3s@cafepress.com,ErOXFYi,iolivey3s
138,cferreres3t@symantec.com,EYbN91V,taggio3t
139,sliepmann3u@archive.org,2henlTCLBV1,bsemerad3u
140,swilber3v@feedburner.com,XIY2NB9VEauN,bburbage3v
141,seixenberger3w@de.vu,EEPL1iD0x4,mdafter3w
142,sgaynsford3x@epa.gov,LBcs4ND6CSgC,tbearfoot3x
143,lwhite3y@icq.com,s0dQsYuO,bdunabie3y
144,vdee3z@cdbaby.com,nzsrDzcT,ewetherell3z
145,abasson40@twitter.com,fDYbMSyb,cbattams40
146,dbosenworth41@sciencedirect.com,ZF95p9IGC,bomoylan41
147,mivanchov42@parallels.com,unGhg18,ptrebilcock42
148,bchattell43@walmart.com,YFmjISGOs,tkeeling43
149,ograngier44@fotki.com,WcEONuf6mS,narnke44
150,lfellis45@dropbox.com,Jxneqb8eRJ,jvarnam45
151,jcudde46@imgur.com,45q1yToOuz3s,fmettetal46
152,lwindus47@wikispaces.com,0Mi4k5Sneo,pstockau47
153,rgascoyne48@ustream.tv,Noh2NKm7j,cspawton48
154,ccalvert49@theguardian.com,EgpT3tTHfRD,hdockwra49
155,isamwyse4a@wix.com,QzjtN3KwpTH2,cbestman4a
156,mcheney4b@omniture.com,SLT1nbRnro,byanshonok4b
157,mungerecht4c@a8.net,PkNkPzKI2,hcurryer4c
158,eakaster4d@webeden.co.uk,27fWba3mLeL,lvreede4d
159,gharrell4e@dion.ne.jp,vLUASMHdd8,econstanza4e
160,groja4f@chronoengine.com,md0rfppq1Cm,odelisle4f
161,sdouble4g@freewebs.com,UV9asW,acrowson4g
162,scashin4h@amazonaws.com,cuEvxUVfZeoS,sslewcock4h
163,epietz4i@guardian.co.uk,YouRyEmF4g,aspaughton4i
164,spanks4j@vk.com,Zkhwefd,aaldous4j
165,mmcgilmartin4k@marriott.com,LsXlwHml,dsplevins4k
166,hpickerin4l@blogs.com,wrIeiL2,aclappson4l
167,cmendonca4m@github.io,1D4BwM,jbilovus4m
168,ewarland4n@gov.uk,StIsvTRU,ashelford4n
169,ibaudichon4o@sfgate.com,3qhIQmmgmb,jrydzynski4o
170,rbratton4p@gnu.org,hntSStvR,jfarris4p
171,molehane4q@nationalgeographic.com,PYy8Xv,kewols4q
172,cranscomb4r@elegantthemes.com,wx6gQArkRTv,mmontilla4r
173,kmyring4s@skyrock.com,6mk65u0,kmaltster4s
174,jcurner4t@dion.ne.jp,INoMCuDL,bkeighley4t
175,droberts4u@tiny.cc,kaEpxyNHZJb,hgrief4u
176,ggennings4v@fastcompany.com,sVPavSOa2bV,kmercik4v
177,dgidden4w@ft.com,q8mLQha1gG,phatcher4w
178,ldougan4x@mediafire.com,kvlv1aCmM,mpritty4x
179,tshiell4y@facebook.com,rnPx41,godell4y
180,whofler4z@free.fr,YEzog0LO,ahowey4z
181,kocullinane50@noaa.gov,D2W9Xiz,bgunson50
182,sskylett51@wix.com,3EydV3v,wrowan51
183,opressey52@acquirethisname.com,T2GA3rwlK,yeady52
184,eseyfart53@latimes.com,ff67P2uM6bex,agauchier53
185,mvarfolomeev54@engadget.com,SJ6l7RvI01,jsolomonides54
186,gkellington55@house.gov,CXiSflQYZD,jwinn55
187,cstegel56@constantcontact.com,TaE324at,cstubbs56
188,hhenriet57@princeton.edu,V9rySHL0sZXO,wmacgilpatrick57
189,vconnachan58@weather.com,eRGkeEuX,adunford58
190,martis59@wufoo.com,hYfCMF7t3v,dhayller59
191,gcostar5a@webeden.co.uk,ZQm2EQTh,alound5a
192,hmacalroy5b@constantcontact.com,XhPbDlBWT,mandriveau5b
193,jellph5c@digg.com,ImS0i89x,bsturgess5c
194,jchadney5d@discovery.com,iTpuslHifVC,cdun5d
195,kingerson5e@cam.ac.uk,TWkHfRUtQc,dmaghull5e
196,cgittins5f@edublogs.org,0sHP50l,jdanielovitch5f
197,msparks5g@simplemachines.org,j3ZXFW,nladd5g
198,cmurfett5h@npr.org,uBcB9SWZ7fdo,mnano5h
199,esearson5i@digg.com,sVLtIA5gm00,bbau5i
200,rbotcherby5j@is.gd,t2TP9dm,bshrubb5j
201,tbuckner5k@hud.gov,i4AQYob0Alrc,lbottoms5k
202,ebriers5l@youtube.com,qcNX0sCLgdgm,kperigeaux5l
203,champer5m@nyu.edu,cgdo7pc9,cmcilenna5m
204,lsignorelli5n@behance.net,6edumuL,heouzan5n
205,dbartolomeotti5o@umn.edu,K5SSuhAtEJ,wdecleen5o
206,pcastellucci5p@vinaora.com,3ilBPj2r,ncronchey5p
207,henga5q@cyberchimps.com,YezIocX,ogirardez5q
208,mhaydn5r@amazon.de,ZieNj8,dwotton5r
209,aberthome5s@simplemachines.org,GlKCoyQ7,aviles5s
210,zhamlen5t@nyu.edu,OS5zCgRBje,vmckinie5t
211,avaisey5u@tuttocitta.it,iQBwadovVF,charraway5u
212,rmcguiney5v@noaa.gov,LxVCRkBU,ihendricks5v
213,fstave5w@huffingtonpost.com,RcjJD0Gw,jvertigan5w
214,ebarszczewski5x@ebay.com,ULEi07RqQ,zdansie5x
215,bkirley5y@tuttocitta.it,Mly3QL,mzamora5y
216,mpinchbeck5z@mlb.com,xar3fhy7E,ttofpik5z
217,cmaccolgan60@qq.com,xnAqq5vq,dmacgray60
218,choldworth61@tinypic.com,9phwU3Wic,adrewery61
219,tstudders62@prnewswire.com,RJ1jeICa,mmatysik62
220,fpesselt63@sourceforge.net,aGGRLiCws,sfannon63
221,afipp64@dailymail.co.uk,8uFf2yWSg,anaismith64
222,rborell65@moonfruit.com,bOViJ4w1G0x,dtetsall65
223,ybownass66@blogger.com,uMBhXh,mfyldes66
224,lalmack67@dedecms.com,6X778uudMqD,djaeggi67
225,lgarken68@narod.ru,YwdCB55aZ,brestill68
226,wsugarman69@newyorker.com,iKAxS0zv46y,csouley69
227,abrogden6a@cargocollective.com,qRe5Hadoqsxn,jnazair6a
228,itefft6b@yahoo.co.jp,qs3J9Jm,wretallick6b
229,epoultney6c@livejournal.com,TNAY1Gix6Apm,bbontein6c
230,agrange6d@t.co,lHHQ1hryd,rtemlett6d
231,ldrewett6e@reference.com,LGJoniNCl,plhommee6e
232,mcapineer6f@flavors.me,1iHlGNfSy1,froome6f
233,rfawkes6g@networkadvertising.org,k1f40dPeZIn,lbertin6g
234,dblondell6h@a8.net,xlXdapvyLux,efellgett6h
235,brichichi6i@admin.ch,ybbFfR5,dmcgrayle6i
236,kgladbach6j@senate.gov,2kluCoyCbRWX,ahafner6j
237,bstrewthers6k@indiegogo.com,lodwgq7nDj,hthacker6k
238,ctebbut6l@epa.gov,6b5Xj2Pj,jpirson6l
239,gtotaro6m@godaddy.com,T5YS50aiI,karrundale6m
240,hmathias6n@admin.ch,LfxeGilP0r,egofford6n
241,wdoole6o@dailymotion.com,58n2irwZZnJX,bswanne6o
242,mtyrwhitt6p@howstuffworks.com,5oK0uH0,cthackham6p
243,epolak6q@ebay.co.uk,aiyeqIOifVw,klevene6q
244,smundie6r@feedburner.com,Y5eHmxyDHp,vlowde6r
245,livashin6s@imgur.com,ZBrmQ5OL,wmattek6s
246,wcarwithim6t@tiny.cc,iaVkLb,kbramelt6t
247,kseiler6u@google.es,hi6aDMl5ECr,swrinch6u
248,hmusterd6v@bigcartel.com,QZDMV6h,dmochar6v
249,tpeeters6w@xing.com,glRNZXI,kprobat6w
250,owatting6x@kickstarter.com,Szo6RN7do889,lfridlington6x
251,tkonertz6y@hostgator.com,E4txeclEWaZG,kmccritchie6y
252,ebenazet6z@123-reg.co.uk,J6lpPTy6N,twretham6z
253,wbernardo70@symantec.com,mIqDA2VzeiT,tbourdon70
254,raronov71@whitehouse.gov,PcfotnMV,cmalarkey71
255,nalgar72@topsy.com,edo3ELpc,fgarrould72
256,sskeldinge73@comsenz.com,Q9IoWzlky,troches73
257,mkeyzor74@google.co.uk,ACdTWP,apetrulis74
258,mcrookshank75@google.co.uk,MuEK1RoGG7,bmcettigen75
259,igateland76@g.co,M4k2KgA,rbearn76
260,yleverich77@hhs.gov,MwEVIhg,seastridge77
261,bgethen78@bloomberg.com,JclYPQdrW,nmaidens78
262,dhugli79@artisteer.com,IovbhqdnlQj,scuttings79
263,wratke7a@chron.com,3qFERzt7Kq1a,cluis7a
264,ofairbridge7b@msu.edu,gqY2Sapb,pbolzen7b
265,skiezler7c@nymag.com,3QovajFO,umcgavin7c
266,cmioni7d@tuttocitta.it,0r6Lw2LrLqV3,msimkovitz7d
267,dslocket7e@shutterfly.com,zeo1GwY2c,dpantry7e
268,lhudghton7f@engadget.com,f6uRrPG9Z3y,vdartnall7f
269,msammars7g@google.co.jp,4ReZzqMX,krabbitt7g
270,mdrillingcourt7h@etsy.com,wgUsxa23,vbaniard7h
271,vfausch7i@drupal.org,ZRigIbenA,lhatchard7i
272,vabys7j@yale.edu,4CRyhZp6mxM,cmcrobbie7j
273,mlegrice7k@ftc.gov,R72V93C2wq,hamer7k
274,sthornewill7l@cnn.com,fy5Tswwb9B8,sbertlin7l
275,sdouce7m@skype.com,gJyoq0,aforlong7m
276,tlenthall7n@addthis.com,1QOLZJ0F,dramelot7n
277,jspoure7o@time.com,A30F24,vreveley7o
278,lkleewein7p@vistaprint.com,aMpoIx,gkeen7p
279,spotts7q@goo.gl,SP14vD4R9N,rsumbler7q
280,jdaingerfield7r@dedecms.com,3nUhhFUgDce,sancell7r
281,hshapero7s@instagram.com,cQ1f1xu,ndensell7s
282,alamberteschi7t@g.co,BZEoMMfE5c,regginton7t
283,cdressel7u@clickbank.net,tuLcfaAqmo,gmackerel7u
284,ctirrell7v@altervista.org,u6DCDQvFJEzF,dvevers7v
285,otilbrook7w@twitter.com,iNwh18,bbuggs7w
286,mmcgilmartin7x@nytimes.com,t4uq1JMBty,cdavidof7x
287,lorhrt7y@issuu.com,T2iDIdG6B,bgodart7y
288,aflahive7z@a8.net,Xoc1po,ckettlewell7z
289,mboothroyd80@state.gov,kFfjeOZ2VX,cstodart80
290,idelaci81@skype.com,hfbCj86,lhellwig81
291,mcroysdale82@skyrock.com,InLwDvtmFY2,bdahle82
292,escottrell83@netvibes.com,ulrRxHgUTsJ,omatteotti83
293,euzzell84@nasa.gov,sZ6IvvJWv,nblissett84
294,twarhurst85@microsoft.com,4vLL53gcJ,gduffrie85
295,hhynd86@ocn.ne.jp,So1G4i,zjealous86
296,pcraigheid87@bloglovin.com,GCL2zT9t,jloveland87
297,dwillmetts88@addthis.com,B1WStKW,zriolfi88
298,mclaeskens89@huffingtonpost.com,qG98U63WF7h,ageroldini89
299,rpenticost8a@webs.com,isy9N28GBd,nrosenqvist8a
300,jcheesworth8b@dell.com,dHcdrSmYTE,edurnill8b
301,cluard8c@aboutads.info,hUcF1Y4Qu,ewebben8c
302,ddoman8d@mapy.cz,53Cwv6S,jfrapwell8d
303,prowlings8e@ning.com,JW4FYsSnqQ,hchilver8e
304,pchupin8f@photobucket.com,ja1HQGfd,dbleier8f
305,jtomsu8g@pbs.org,3GteofuO2F0f,aocarran8g
306,nriquet8h@newsvine.com,Cx7ZkEcYSx7,bpietsma8h
307,rscoggan8i@telegraph.co.uk,7xg4ughxq,nscrowby8i
308,gshier8j@yandex.ru,gktDJ9oiIpn,ktrevon8j
309,apaiton8k@fda.gov,hjVaaSPR8,mcollen8k
310,lcathersides8l@bizjournals.com,BjDKeq6d,lcowitz8l
311,fflecknoe8m@prnewswire.com,QaAkUI8,mclineck8m
312,cskaife8n@google.de,rPDHSJM6jDn,wchestney8n
313,kfaragan8o@wsj.com,chCj86,gbaroux8o
314,pbrayfield8p@cdbaby.com,ELFY8x6orij,pyeskov8p
315,mculross8q@ow.ly,pnflAMn,bsheekey8q
316,ccloy8r@sourceforge.net,oGNHkDN,hjobin8r
317,idiruggiero8s@networksolutions.com,aqXvbbh7sv,uyakubowicz8s
318,maikman8t@about.com,NCV3Ooxyx,lbrooke8t
319,ngager8u@symantec.com,1qn1gDT,svauter8u
320,jbinns8v@cnn.com,zJAYOjvqY,ahaselhurst8v
321,radamec8w@domainmarket.com,uFjdCEpK,bpetto8w
322,smaccafferty8x@rambler.ru,1VV5HDcLd,smckaile8x
323,ctewkesberrie8y@ft.com,nXHx1KD,cdurno8y
324,keberlein8z@who.int,BNvj23wK2,kclampe8z
325,charlick90@census.gov,z937k0ht3Cl,cmepsted90
326,mwoodyeare91@fda.gov,dFoVZe4P4I0L,ntantum91
327,ivanlint92@mozilla.org,C5RHGlfOVC,twagg92
328,mcalterone93@disqus.com,57VyrTIcd,mladds93
329,lpage94@examiner.com,5ruTPcHH9q,mpummell94
330,balans95@nature.com,qd7sjCj,ebernardotte95
331,lmartinon96@usa.gov,kMGL00eouzzX,gmenichelli96
332,mwinwood97@cnet.com,ckZLN5E5hK,lsiggers97
333,goppery98@wiley.com,jR546I5XK,cbelverstone98
334,lwheeliker99@hexun.com,De7CKkpRw0uv,ddenkel99
335,ocoxwell9a@php.net,4DAGws7x,ndranfield9a
336,gbanasevich9b@biglobe.ne.jp,lZpOKnt56Y7,mscones9b
337,cmartin9c@yellowbook.com,5M46GLABG,edowdall9c
338,aohenehan9d@phoca.cz,xk4UGydrnvy6,tdimitriev9d
339,rpiddocke9e@squarespace.com,ubt5atUXugF2,isiggery9e
340,ddemerida9f@imdb.com,svjmQ9FHUW,cwinchcomb9f
341,joboy9g@bing.com,0RvkcM2g5j,mentwistle9g
342,tbotterman9h@google.de,AohrLvAd,fschutter9h
343,gcasemore9i@msu.edu,QsvjTSS9R3i3,wbillows9i
344,wdyment9j@jalbum.net,V1BP78zcX,ssedgefield9j
345,dkhristoforov9k@harvard.edu,4GdHfqq7Q7D,ctremonte9k
346,amattiassi9l@shop-pro.jp,VMofI42sQnYC,kshalliker9l
347,aocannon9m@ycombinator.com,TWWQUoiVP,frochelle9m
348,gfaunch9n@ifeng.com,os7dy8QcrGV,gmournian9n
349,gjemmison9o@nbcnews.com,15SaSFOfFe,bdomesday9o
350,hlecornu9p@businessinsider.com,1NI4GGowFF,jasprey9p
351,emaccome9q@examiner.com,rAUqzSX1NEo,bsinfield9q
352,epauncefort9r@unc.edu,xXqz7hHFw6,amanketell9r
353,gkaman9s@army.mil,QCSUB7t,pobreen9s
354,cocurneen9t@studiopress.com,RgMx6Mn,bneagle9t
355,hewers9u@msn.com,8mLqmU,jstogill9u
356,bgerb9v@statcounter.com,l3BuGX,cpaur9v
357,dsoles9w@utexas.edu,uf3lH56,crontsch9w
358,rlarge9x@marriott.com,sCHhiKoU75zX,cburrus9x
359,ethirlaway9y@google.ca,NYE7SNR,dvasechkin9y
360,psarjant9z@multiply.com,ZSAq2hEtw7nn,mdanser9z
361,wbelseya0@admin.ch,C2phKiyfIP,pheningama0
362,bghesta1@bizjournals.com,6BoukimQ,rgocha1
363,rcristofoloa2@so-net.ne.jp,zTwV5kbFQ,mlindberga2
364,gjannexa3@epa.gov,ieVCagq3OmBc,dmazzeoa3
365,bmelarkeya4@samsung.com,2USJjdax,jchrispa4
366,ihiggoneta5@symantec.com,hEteKq,gbachelliera5
367,ifilpia6@webeden.co.uk,LFdEZCQ2K4,vdepkaa6
368,aweltona7@google.com.hk,FExP0lqr8,pembraa7
369,lcisnerosa8@fc2.com,NEkC1EKWVAio,aadriaana8
370,faugustina9@gov.uk,E9dH5T,sbatterhama9
371,mvigrassaa@aol.com,1VZ18lIx9x,amitchallaa
372,bfedoronkoab@mapquest.com,EcKUDme,imcphateab
373,acurpheyac@canalblog.com,RRuxfddFPxFF,cbraysherac
374,mratterad@sciencedirect.com,XFbcmkz9y,mmcroryad
375,alambardae@youku.com,yVK5hpu,kparnallae
376,fcockayneaf@skyrock.com,TzQE1P6VzD,cbrickneraf
377,siansonag@aboutads.info,ffK5JVJs5jE,blundbeckag
378,rconradieah@smugmug.com,plBI7jI45d8K,acermanah
379,mmacdwyerai@ibm.com,CjMDKm,gtrumpeterai
380,ksapshedaj@abc.net.au,KrCBPagAvN,arosiniaj
381,ltatlockak@bizjournals.com,cS5d81Ay0aP,ccumberlandak
382,tlistal@mysql.com,NwSIMWKda,theimannal
383,lbausoram@soundcloud.com,PSOUn3r,gfarndaleam
384,tduckettan@ucla.edu,ERGNeKLFf,kholahan
385,gwarlawao@linkedin.com,yt7ElpRzxFa,ccrippenao
386,cbikkerap@dropbox.com,8VEwDE6,aorrocksap
387,jmccauleyaq@prweb.com,ioVSUzH3gMc,amartyaq
388,fauldar@flickr.com,1POvGkwV,amartinyukar
389,egantzas@amazon.co.uk,SjodNtpE7,vsatchas
390,brandalat@scribd.com,jHOsXXmk,vbartolomieuat
391,sscirmanau@biblegateway.com,O8gQ8j,dwickendenau
392,eghioav@vistaprint.com,1WAfYgm,credfordav
393,acrutchleyaw@diigo.com,qluCArF,fvintenaw
394,atoopeax@example.com,jfmxEMuyM,cnoliax
395,vmaberleyay@angelfire.com,iXvWF7M8k,mdippleay
396,fseedaz@accuweather.com,jHy2vlMI7,sskeemeraz
397,lflamentb0@altervista.org,6kP0SMYs4l,abrahamb0
398,bbudibentb1@free.fr,p0wN7gUp,hdossetterb1
399,rsarllb2@thetimes.co.uk,ydP9j54Jp,cwintertonb2
400,waronsteinb3@rediff.com,fY8uPSYke4Ye,amasedonb3
401,lferrollib4@ca.gov,OECiSxILu,zhanceb4
402,vjuszkiewiczb5@bluehost.com,Z7LhkGP5,cdalgettyb5
403,gsambellb6@4shared.com,7mKxOpX,ksexstoneb6
404,mriceb7@fastcompany.com,XN5gDu,drowdellb7
405,nreedyhoughb8@jigsy.com,G5nmEZV,astationb8
406,switterickb9@disqus.com,0vpNPo3TID,agowthropb9
407,bmeeksba@google.de,8JytAEZ,lglassoppba
408,amanuelbb@state.tx.us,55NZ2gbp7j,aboshierbb
409,alagdebc@stumbleupon.com,6R3TyfNC,jmcevaybc
410,cvlasenkobd@exblog.jp,1d2Dor,rdoodneybd
411,wdavidovicibe@seattletimes.com,sKzhXln,gmcquodebe
412,adurekbf@newyorker.com,PK9Cqv,raustinbf
413,ebunclarkbg@github.com,48AHbPX,edejuaresbg
414,fiacovinobh@ftc.gov,LUkATCynP,cbloxlandbh
415,cfilsonbi@epa.gov,zqPv2E6Yq,bdorkingbi
416,abrosettibj@miitbeian.gov.cn,oQxCZcGoIDh,edefondbj
417,bfelipebk@hubpages.com,USie8b0AkJV6,thambrightbk
418,kcratchleybl@noaa.gov,A3tktWQ,rcritchardbl
419,mlampensbm@blogger.com,77p3lSA5,aearlebm
420,sainsleebn@state.gov,oxgBRoAsyLeA,kchampnessbn
421,fyurygynbo@t-online.de,xEOg0dKkY50,rblanpeinbo
422,htruterbp@bbc.co.uk,RlzqMGcbdi1S,apickfordbp
423,dpadillabq@msn.com,Qr5A27SKP5S,obeamsonbq
424,gheindrichbr@sphinn.com,QTFxqRY,hblumerbr
425,tshreenanbs@comsenz.com,2M8LC50R,pleidenbs
426,dwilfordbt@earthlink.net,XkVK1mSL,cpoznanbt
427,fmatashkinbu@admin.ch,25vqcevjd,gkleingrubbu
428,dsnasdellbv@topsy.com,JfCcCjhd2H,dwaterlandbv
429,nfarniebw@opera.com,vUem6p6l,nscamwellbw
430,kmaccaguebx@wikipedia.org,SfacjprZ,vcleetonbx
431,fmosleyby@pen.io,Mrc73Vqc5tma,gbruhnby
432,wgoudmanbz@wordpress.org,jDcKc93xCID,mvealbz
433,lholhousec0@posterous.com,UQvUYR,lwhatec0
434,zcashc1@berkeley.edu,KthKR5HpVqe,cpeasgoodc1
435,mcholertonc2@prlog.org,gywGxQao,adranc2
436,twebbenc3@amazon.com,MIMsK1yVfhH,cmealiffec3
437,rparryc4@google.com.au,c8JtKggkMTo,pbraunfeldc4
438,ohapsc5@unicef.org,ltXpcPoEQ,porroc5
439,tjewkesc6@mysql.com,BApjLjFij0t,btonsleyc6
440,mtomaszczykc7@cnbc.com,yhsgyvG,awellstoodc7
441,hmyersc8@jalbum.net,UCtse6Us,bheimsc8
442,jcrickmoorc9@clickbank.net,RVvMiihW1,ltomickic9
443,ezavattieroca@amazonaws.com,xzVNjHRpijt,glosekeca
444,bducroecb@cbsnews.com,9hwqBG3mUWQ,glangrishcb
445,ctidmarshcc@imdb.com,8JqpI39XL,bbassickcc
446,thadyecd@twitpic.com,8AGdBoqp5,lthrussellcd
447,atwiddyce@imageshack.us,KtWuzqUMAa,afairbrotherce
448,geverallcf@sun.com,2He4p5,wshailercf
449,afermingercg@sciencedaily.com,1fhlU1DC,pguitonneaucg
450,bhaddacksch@noaa.gov,lrK3mVPbgh,lwenderothch
451,avasishchevci@de.vu,C0AltvmIyTj3,efriselci
452,aechaliercj@fotki.com,MsPxLX9L,fbritchcj
453,adimelowck@homestead.com,Cr2YPeOTUvGd,jmoriartyck
454,cspykinscl@wp.com,8bXGprqlX9,lsmythincl
455,ppoorecm@fda.gov,hFTimvQ9jlh,minsleycm
456,dhanscn@upenn.edu,Kuha2o8Flc,dswalwellcn
457,ihartshornco@wunderground.com,2IMgppTK7n,kdeavinco
458,amixhelcp@timesonline.co.uk,tPqXbayFWjjN,wosbaldestoncp
459,ehushcq@state.gov,W1EsZIbhF,nbasillcq
460,byardcr@friendfeed.com,8gMfiVUkffs,gpedicancr
461,yplottcs@nhs.uk,diqg2s4ZO3K,scordeaucs
462,fslymanct@mapy.cz,r8w5mKlIM,phegartyct
463,anavancu@wordpress.com,v5BPF3myNd,mheynscu
464,pkaufmancv@dyndns.org,zuIVFgXrU,wdarbeycv
465,hloniecw@ftc.gov,EhgglIDjzl,gcarlcw
466,aleprovestcx@myspace.com,1mFtIXrl9B5,hraspcx
467,tgrimwoodcy@intel.com,MRZdeCUP,osedgemancy
468,mdavidekcz@issuu.com,lBejdMM5T1,brabiercz
469,shintzed0@wiley.com,G4cweo2kj,bsalleird0
470,fmarkovad1@deviantart.com,Fxuu6G,mjuniferd1
471,vrosenzwigd2@360.cn,6bDfkdGNcdOV,hciscod2
472,eshucksmithd3@reverbnation.com,JfC22UbE,bkennedyd3
473,joulnerd4@themeforest.net,g2q2AFGsjY,kkoopd4
474,acrawshayd5@addtoany.com,OGN7Qm,wbiggsd5
475,neshelbyd6@indiegogo.com,hG4jKNu,ugourdond6
476,brialld7@google.cn,nLR0WtAwNu,lalbasinyd7
477,jogreadyd8@howstuffworks.com,k0zR5UH,swhiteheadd8
478,acraked9@reference.com,SGGINsw,cpearced9
479,harndtsenda@zdnet.com,ulOudNc6V,aalliboneda
480,pbankerdb@cam.ac.uk,qA33cYjgeD,mchawnerdb
481,kbrettordc@java.com,9n2CZBoh,gfaivredc
482,jhaguedd@digg.com,aPno1z1,cklessmanndd
483,csatchellde@mapy.cz,0iiVHhBPIc6b,breasunde
484,apfliegerdf@ow.ly,4MGc0oaqgK,rbrideauxdf
485,kmcvitydg@ocn.ne.jp,rgqB9gwPa,aburdsdg
486,jcrowdacedh@skype.com,rvgM4rCgbHkK,bconaghandh
487,smcpolindi@constantcontact.com,QLRZcqF9,cbrittlebankdi
488,tscarddj@dagondesign.com,FLKj3nZ0T,lcockburndj
489,cgarnerdk@stumbleupon.com,RU9NgLN,fnessdk
490,rgarlicdl@blinklist.com,MY2ssTRt,dandrewarthadl
491,gbensusandm@mapquest.com,zwnAPMjyMn67,rlindwasserdm
492,rdurnalldn@vk.com,Bum7MlcJ,astickleydn
493,nmilroydo@delicious.com,4i7OZyvYW,okinforthdo
494,plangerendp@blinklist.com,vepQbeZ,bredondp
495,scarbindq@hugedomains.com,X8vPB8NK5,scoultousdq
496,awiltshawdr@gov.uk,MC7Teg2x,wlavendr
497,hbarlesds@bbc.co.uk,Af3sIZ,pnicklends
498,maxelbydt@senate.gov,75edTFQ,kmcilmurraydt
499,cvoakdu@netvibes.com,I8ynvOV0Q9,jredferndu
500,uweblindv@bloglovin.com,ZKO9LzF,vwintersondv
501,bfilisovdw@phoca.cz,XZ06IKLC4R,bberriedw
502,brhucroftdx@newyorker.com,UWcQCUwl2ClV,meadydx
503,ibremmelldy@upenn.edu,QEH1Kshfr5p,kstebbingsdy
504,bodonegandz@fc2.com,V18eL7m0,nmulforddz
505,cgrotee0@epa.gov,wWW1VbEyBqVL,tpeelee0
506,ahandysidee1@businessinsider.com,Ollvigy5igOu,aplackstonee1
507,mainsbye2@xinhuanet.com,Ne3MpSxUxjJ,cbrommagee2
508,dblinte3@arizona.edu,uP3rEFrmC7TL,tcoppoe3
509,cwyleye4@sbwire.com,IhWmsDKOdFn,lcordaroye4
510,pwarke5@reference.com,ph5dShHZfCV6,ljackline5
511,gaxelle6@ftc.gov,JdZ6HwY0,knaiseye6
512,bjerromee7@surveymonkey.com,HdNntDwi,fforree7
513,smoquine8@timesonline.co.uk,9nEeFx,lcoulthurste8
514,aabbee9@myspace.com,GFtMesp4SL,tvaiseye9
515,fbraineea@prlog.org,xRoOrulu,nclifforthea
516,fmoakeseb@github.io,tFvNmuCs0,bchrstineeb
517,ikiteec@businessinsider.com,WNzvnp,rgaenorec
518,bmccastered@washingtonpost.com,gqLfqHVHO,hdackeed
519,wgaywoodee@netlog.com,5h5VbycDtnYi,djahnsee
520,jgrigorief@tripod.com,sMd13P9FV,kschankeef
521,ahanwelleg@soup.io,ExMbsqcig,apridhameg
522,lpeyntueeh@twitter.com,yZ7VN7,dgiacomellieh
523,snicholesei@comsenz.com,7ZLyljLL,mrigtsei
524,gesbergerej@tuttocitta.it,vdsCl1Rvmk,jhundeyej
525,snoenek@1688.com,h5FeqHCeM17R,zjakobssonek
526,rjakucewiczel@weibo.com,SD6sOb,kstearnel
527,csexonem@unc.edu,pp82AgVQyd,cclawsonem
528,bconnaughtonen@comcast.net,TGAM8Mx,mtoppinen
529,uneilandeo@oakley.com,azNXoVE,dalderwickeo
530,sdaneletep@spotify.com,nkgM4ZuuFf,jinmettep
531,gbeinischeq@shareasale.com,cpfcYbYO,cbottrilleq
532,cswanwicker@tumblr.com,hbgK52qo,lmurnameer
533,aversones@example.com,4JWgklg7DhJ,cpietrowskies
534,lrebillardet@spiegel.de,iwF2V8lTpQv,coswaldet
535,mburduseu@canalblog.com,vwj0wIzsX,tdevauxeu
536,wdeemev@globo.com,VJqZ0slD8TdS,ocotgroveev
537,agerardetew@europa.eu,LzznZbWG46,evaleriew
538,mronchiex@ask.com,hqeFozLW,rdeverillex
539,dhearnshawey@icq.com,u5I5DAY8ZS,rbruffey
540,enowlanez@hugedomains.com,uZLI31HN,ahollowsez
541,kshewringf0@friendfeed.com,Gpl7hYV64,bsheftonf0
542,cweatherbyf1@mit.edu,T0gEbdJsUT,fzanassif1
543,jvarcoef2@deviantart.com,IMz8FuCN4h,cbehaggf2
544,rblackmoorf3@intel.com,UBGRuLX,ahowdenf3
545,rjullf4@npr.org,dU4z9gqxhS,dslocumbf4
546,kabelf5@cdc.gov,zKEfiP,ksimonetonf5
547,jleonardif6@multiply.com,w0ofPh,jlutherf6
548,mketcherf7@blog.com,C7sNzbX36fhu,bchomickif7
549,agarkenf8@soup.io,L2DDV6Aj,edorief8
550,awinsorf9@wikimedia.org,TegqQFQRK,kloodyf9
551,egrubbefa@nbcnews.com,Pt8WN4JODOHG,kferfullefa
552,cdevinefb@ucla.edu,XvbqJo,abrantfb
553,lnormantonfc@patch.com,OVteMuD,usherrottfc
554,dquinnellfd@youku.com,5Co7PX,hurionfd
555,aseeviourfe@quantcast.com,jy90eI,ubrimmacombefe
556,mofarrellff@redcross.org,k86zZv9,gbrouneff
557,smitroshinovfg@auda.org.au,y0rTPsLSO,clymerfg
558,lbocklerfh@ted.com,CIz7CPe0vR0s,gaguilarfh
559,kalliottfi@skype.com,IUqi4YjI,hhusterfi
560,dbedinhamfj@constantcontact.com,H9AAj3,wgunneyfj
561,droslefk@wikispaces.com,yVl92O,dlemmensfk
562,lgodingfl@umich.edu,QUoxR1wp1tr,lklaggesfl
563,mproffittfm@google.nl,DEUKR7UGNS,lhacksbyfm
564,ksaketfn@opera.com,RyN3Rdz1UAXM,smcmenamiefn
565,tvanarsdalenfo@ted.com,JaTszQW4,tscripturefo
566,areimerfp@blogspot.com,ARGBSvCk,bsheerefp
567,ihazeldinefq@cocolog-nifty.com,6TTNUok,kgelletlyfq
568,fameryfr@discuz.net,9I2ewI,apattingtonfr
569,sdowersfs@walmart.com,XVdEUyVI,dloomisfs
570,kbrecknockft@wikispaces.com,JbG89O,wrandleft
571,fwhetlandfu@ebay.com,QkrIKjyFoT,jkesterfu
572,jstarrfv@quantcast.com,L5MuLsNLJ,kcoklyfv
573,hagirrefw@bandcamp.com,NWd92cr,lbrumwellfw
574,ibarnwillefx@godaddy.com,t4My8B,xpertonfx
575,ahamblyfy@thetimes.co.uk,O7ueMBn6,msewellfy
576,moheneryfz@buzzfeed.com,rhlwLXEhXS4H,kbartolomieufz
577,lcroning0@blinklist.com,zZDgFzN,cdowneg0
578,gcarvillag1@icq.com,91WelaGkfk,aosharkeyg1
579,jbarrarg2@flickr.com,AjaN9M,ctamblingg2
580,bbountiffg3@cnet.com,Lm8xGT,kburburoughg3
581,rpothecaryg4@reddit.com,cLAPYHA,ogoadbyg4
582,lcivitillog5@cisco.com,ZuFX8r,eolennaneg5
583,mdregerg6@arstechnica.com,fuMimCDkrr,bscotchmerg6
584,ebeekeng7@nhs.uk,YdOFdcJf,jableyg7
585,sattyeog8@webnode.com,Ihheaf,tcadneyg8
586,tlysterg9@adobe.com,dwQ9NE6r,sbalmadierg9
587,agirardengoga@icio.us,3gZ62RzI,mtimmonsga
588,cchaperlingb@ocn.ne.jp,SStbdEK,mthomtongb
589,arossboroughgc@tripadvisor.com,Ge6X0WiNMol,nbuyegc
590,lcrasswellergd@theatlantic.com,4VkOC1BQ,mjurschgd
591,lflatleyge@squidoo.com,FbHwS8NTrmR,fclarsonge
592,adonizeaugf@ftc.gov,bOBCeO,apenhaleurackgf
593,aortsgg@elpais.com,62RFkHD9,ioakmangg
594,ldonisigh@lulu.com,vVLRfxDkQUNi,cweemsgh
595,lmccreerygi@wufoo.com,whESKsIhF,adelayglesiasgi
596,mcleimentgj@stumbleupon.com,QobW8nM,rmacgregorgj
597,ipetkensgk@uol.com.br,8EBHnz8Sv,rgaskinggk
598,czammettgl@go.com,ZqeafqCes,tscamerdinegl
599,jmcguckingm@home.pl,S8CSne5f9,jmushawegm
600,esavarygn@mozilla.com,2yBArl,hviccarygn
601,cloisigo@icio.us,ycYE5VZv,svalasekgo
602,zbirkmyregp@army.mil,i2aGC5e,grubinekgp
603,hgwinnelgq@umn.edu,GkFvrks75lkW,agochgq
604,fwhittlegr@webeden.co.uk,ifHb45r8Qxg,cchaplingr
605,pdaddags@abc.net.au,RBoC9cahMeUO,aclemmettgs
606,cbeakegt@geocities.com,XrG3kNPxj6se,gbrouardgt
607,fbiffengu@163.com,dtg04Sma0,lbattygu
608,ttaysbilgv@cnet.com,ceNptwe,heberleingv
609,tcornilgw@goo.gl,p800E8eZqOR,smackimgw
610,kwherrygx@irs.gov,YtSDJpak0,sdunridgegx
611,pandriolligy@prweb.com,zNKjSbOXK,epaytongy
612,tharlingz@google.it,4b2LJXpa0cej,rdickinsongz
613,fmintoh0@multiply.com,g5w9pxGd80L,aclamoh0
614,kpowdrillh1@360.cn,upXx1rrp,cfacerh1
615,gklimekh2@blogspot.com,cZ112Uv,aborkinh2
616,awiltshireh3@youku.com,XuZm79t4m,kkeijserh3
617,cfarranth4@upenn.edu,1ZK6Ud,kboxh4
618,srivalanth5@etsy.com,W8I9HVtblqi,kcrosonh5
619,wrealh6@godaddy.com,XesJzRs8Simv,rsherebrookh6
620,gdancyh7@altervista.org,UMuFbs,ajolliffeh7
621,rpandieh8@smugmug.com,oIlI37,ntroyesh8
622,gmonteathh9@yolasite.com,jahvaS,egafferh9
623,ldanickha@g.co,G5RBsmXVeZ2,estoateha
624,sgrotehb@dell.com,OzZp6znoqa,jdonizeauhb
625,rbolderohc@feedburner.com,hzOh2S8M,luphamhc
626,amccaffreyhd@cargocollective.com,s3UMQdrwc,awegenerhd
627,dgrebnerhe@sun.com,ALXqDZ,ghanburybrownhe
628,bternehf@discuz.net,OpJJfnrX,hhoverthf
629,sbrantzenhg@nymag.com,3TvQazQw,lcravenhg
630,kknowllerhh@microsoft.com,ThJYO4y,restabrookhh
631,awhileyhi@networksolutions.com,J7B4plAi9XL,sredmanhi
632,gmeasehj@constantcontact.com,jqSpZrVzyrN5,irubinivitzhj
633,gbirkenshawhk@xrea.com,puj28w0n,emackallhk
634,aruslinghl@google.com.hk,P1Yrdz,randriolettihl
635,fplumerhm@mysql.com,GbQplH6s9Tc,lvoicehm
636,gfilewoodhn@nydailynews.com,WGgNIdO,bgoodshiphn
637,spetrenkoho@cargocollective.com,x0371ZCb,nbeddinho
638,fdengelhp@icio.us,9CPhiZeRId4L,erosebladehp
639,ljobehq@netvibes.com,WGxZi2,wwyldeshq
640,kclearehr@intel.com,1zEfJTXfYTT,sfarnillhr
641,kmccruddenhs@reuters.com,nVcnvxA,zastmanhs
642,htuffreyht@moonfruit.com,IuPXSN,mtysackht
643,whearthfieldhu@dot.gov,K9NkwQXeX0xd,mbalduccihu
644,vpeagramhv@icio.us,v4iWz4QF,ggarmanshv
645,knovichw@comsenz.com,khRkzF,eallenbyhw
646,mtomblinhx@ameblo.jp,xDIwGht,hmartinovskyhx
647,rguillehy@example.com,0ixux52,jmushethy
648,bstallworthhz@squidoo.com,Xl7Fch,ngaspardhz
649,twybroni0@nifty.com,RpHxXefm,avassbenderi0
650,mstenningsi1@dyndns.org,Y4FzXs0waY,lgwionethi1
651,mjacquoti2@hibu.com,FdsAmr,kvinecombei2
652,pgotteri3@comcast.net,0R7KhKsF5H,grameauxi3
653,cfricki4@nbcnews.com,wxbL7D,zvankovi4
654,jdemaidi5@blinklist.com,Fe2cCxi,bfoakesi5
655,sbrownriggi6@tinypic.com,hv4X2ljNUoM,tsollowayi6
656,gsabbatieri7@reddit.com,fxS7Ohr6H9qx,toglei7
657,hkupisi8@mapy.cz,AkBdcgN5uPC,zedensori8
658,rblackeri9@uol.com.br,NlEnpXD9M,whuftoni9
659,vsillia@over-blog.com,rlzFjy4iUEb8,sdowneyia
660,maronovib@4shared.com,cupT8OfsWUl,hjedrasikib
661,cfallaic@studiopress.com,wMfYXCd,jwheelwrightic
662,drabbid@amazon.de,lQdVyECquT6,akatzid
663,rsymcoxeie@cisco.com,wkM7T1cvg7,bfrodshamie
664,cfrearsif@apache.org,VMjPBCRf,acristoforif
665,agritsaevig@cbsnews.com,YclYRPQq,lschimmangig
666,kbirrelih@simplemachines.org,CEAcmWZPfOt6,ecustih
667,lweaverii@umich.edu,BT4ot7qMbs,sbrasseurii
668,jlesarrij@merriam-webster.com,HMSj9Ze,jronciij
669,liddonik@list-manage.com,96Y75gIQq4EJ,tbeckleyik
670,gronchiil@cam.ac.uk,eyXywj,kshelborneil
671,rthomassenim@xrea.com,qOcSyTIT,adeknevetim
672,jpodsin@netlog.com,TVpeeKd8mQ83,jcopnellin
673,lragotio@storify.com,Wzks4DyBA,aeakleyio
674,iantrobusip@list-manage.com,gw5sERm,bratteryip
675,gbirkinshawiq@spotify.com,oM4SE0,pmatisiq
676,acranstonir@cbc.ca,YnWgFYS64j,mgarrettsonir
677,mhammis@hexun.com,67zyfawBWo,mmoxomis
678,lverilloit@oracle.com,XkGA0MU9N,uphilippardit
679,wblodgiu@utexas.edu,3S7cmpEKdZ,rsandeveriu
680,iarmalliv@senate.gov,OyoKjvRyQaSk,anorwayiv
681,creinardiw@mail.ru,6aEuLgYQ8F,tcreightoniw
682,dnazarethix@cocolog-nifty.com,put46U1X4v,ocartwightix
683,hcableiy@cnbc.com,qAV3fohgxhcJ,dbreydiniy
684,rtoffleriz@squarespace.com,0acWckhR,aoxtarbyiz
685,etimmensj0@ted.com,ZjG6CPg,nizatj0
686,rfaceyj1@guardian.co.uk,aL9ChT,fgorhardtj1
687,dstoggellj2@nih.gov,kzXbmub,gnewartj2
688,ibolterj3@tinypic.com,QfcjIZv,ccreffeildj3
689,blosbiej4@w3.org,0zXDEw,hrodriguezj4
690,scornelissej5@cyberchimps.com,EaOw2x1,aalowayj5
691,ashippamj6@ameblo.jp,MMUPk9XIHd,llambkinj6
692,psmallj7@123-reg.co.uk,kVy80qQ3R,jduguej7
693,cchaimsonj8@stanford.edu,PV1ZgB854T,tfirpij8
694,cferfullej9@webmd.com,3hUR3P,kredshawj9
695,ttitchenja@ezinearticles.com,NcQqLm,gbouleja
696,kwarrattjb@ask.com,QcCnue8riTt,slowinjb
697,lgerdingjc@marriott.com,VZsklIK,ijonkejc
698,alambotjd@omniture.com,6N7B3r3jx5D,jduerjd
699,cbattlesonje@economist.com,UE56MZMnn0CE,oarghentje
700,ebeninijf@weibo.com,WKag2kPLq,kmartinettojf
701,lgysejg@intel.com,lSsDnDTnTeW,mdunnetjg
702,mmalekjh@naver.com,5RTf8NcC83Dk,rfunnelljh
703,sarmerji@studiopress.com,32rsOk,chinkleyji
704,llamacraftjj@independent.co.uk,Myb7DBXB2ar,lackermannjj
705,mcostardjk@phoca.cz,a76lxFZv,dpicklejk
706,tshaughnessyjl@sogou.com,xzantHuedH,eitzkovitchjl
707,arowetjm@purevolume.com,VoibBktEaPP9,cmcgilljm
708,cfranceschellijn@netlog.com,1gIyjveG,lswornjn
709,khubanejo@posterous.com,SIogZw,awayejo
710,mscrivenerjp@sitemeter.com,x9nqnlrXo1X,arumgayjp
711,agreenroadjq@cam.ac.uk,DcmTz1j,jerrichellijq
712,rhowlandjr@nifty.com,e86UbfELdfz,afawssettjr
713,ebridgerjs@webnode.com,Fp22yYeD,lkidstonejs
714,bdilgerjt@webs.com,O9EgQi,imaiorjt
715,gferrandju@sciencedaily.com,hYUvOsox,sallcornju
716,mpaolijv@google.com.br,tYKLZVDCIvqE,dantyshevjv
717,jrenzinijw@constantcontact.com,RaSF32m3RuaZ,cdunkirkjw
718,vnoldajx@etsy.com,BDppra,ejervoisejx
719,mbirchalljy@etsy.com,j0b6ZSsBXki,mwahnckejy
720,jtottonjz@amazon.co.uk,NeWVICj7Qv,vbethojz
721,fivimeyk0@auda.org.au,clx0XmFoiUa4,swintertonk0
722,rdoddingk1@salon.com,TvLyDOtiVn,lhollebonk1
723,pcardenask2@go.com,ze6fIyT,mmcclymontk2
724,dteodorskik3@mayoclinic.com,7oTWQnPn,esainthillk3
725,rindgsk4@seesaa.net,OhKyZUbu8h,cmcartek4
726,csnassellk5@reddit.com,UOifsiaV6ks,csivillk5
727,cburchillk6@google.it,ywLaTq9GEIZr,jgascoynek6
728,rwhitmarshk7@indiatimes.com,5YiYaJfW7A,dglassupk7
729,wogelbek8@gizmodo.com,tJC6KZFP,iassardk8
730,aedlestonek9@prlog.org,cAq5lrDxLSZ,bportk9
731,nsimoeska@csmonitor.com,wmsIP5a,gmearnska
732,cdeversonkb@springer.com,D6zm9cAjtzc,cdronsfieldkb
733,bgrogonakc@godaddy.com,1YW2MIxk,trichardinkc
734,fmabbekd@pinterest.com,Ho17lc38hgp,adulintykd
735,bpunchardke@harvard.edu,Yq7SBdCKue,dfoucarke
736,brobkenkf@furl.net,KLJ3zN8o9p,svanarsdalekf
737,bmedinakg@ihg.com,mGgpXlR,eshiltonkg
738,dfransonikh@nymag.com,ncQ77x0,lbulfieldkh
739,bbrodneckeki@ftc.gov,PadnGTq09F,rhaburneki
740,bgillisekj@auda.org.au,eFkVc9T,gflockhartkj
741,againeskk@facebook.com,l7AkJDl88T7N,fcowdraykk
742,dclimiekl@eventbrite.com,JPLe1GMFZ,kshuttlekl
743,abenediktkm@tripadvisor.com,1iuQ7JnLjl,nliftonkm
744,dwhereatkn@craigslist.org,3zq4HgKdXA,acalvertkn
745,alenardko@163.com,cDZWjWjBwFgQ,broughtko
746,splaitkp@hexun.com,RI9DDF51k,kcregeenkp
747,gbrigmankq@typepad.com,WIxdoJQ8,lfitzgilbertkq
748,cbearblockkr@webeden.co.uk,G5b1JABys,amuxworthykr
749,ecleavelandks@github.io,L09ObVp,ejanjusevicks
750,dhenzekt@psu.edu,UYpS66Zsj0,bokeeffekt
751,ajanuszkiewiczku@pinterest.com,8Tt5q9k,ldimentku
752,fhearekv@nytimes.com,bDuaXtyltH,kkorbmakerkv
753,egillerkw@miitbeian.gov.cn,Fg8AQ0,evollethkw
754,arahillkx@bluehost.com,28X8UwSSGT0,elandallkx
755,jbrikky@howstuffworks.com,UKWebkio,lpymerky
756,aoselandkz@apache.org,Og1BWejU,hizaackz
757,akirkpatrickl0@google.fr,rAfYOfbI,btyersl0
758,claffordl1@360.cn,5M9jsBW2CN,trameletl1
759,ksallal2@youtube.com,4uJPUo0N,mmiltonl2
760,ojedrzejewskyl3@yandex.ru,PzMv555bRYi,kmcsorleyl3
761,abooil4@gmpg.org,cROi5b9EpjT,bgoodyearl4
762,ebraunlel5@wired.com,M75yH1,ahinemoorl5
763,jcurryerl6@comcast.net,jyuMht,gchaldecottl6
764,stiltl7@fda.gov,aIc2vnh,rperschkel7
765,ykyberdl8@who.int,NjhP2P43F,vmerrikinl8
766,agaitonel9@jalbum.net,s9UnZCFC2,dmccurlyel9
767,gaickenla@narod.ru,GyMNVr6ogUU,ttruckettla
768,glegerlb@ucoz.com,epxid5jJD,cdinsdalelb
769,mebournelc@elegantthemes.com,aIGkod,cmardlinglc
770,mnoweakld@intel.com,ja63SG0tPT,swynesld
771,vwingarle@wisc.edu,jWjk8ng0,lpaviele
772,cpostlelf@eventbrite.com,wDX07JhKV,amaddielf
773,jeastwelllg@usnews.com,dL71AvteU5I,dleghornlg
774,rbrugdenlh@google.it,E43CiikqV,mdulakelh
775,wjeandeauli@skyrock.com,L4WC54haMuwN,rdaylyli
776,shurrylj@deliciousdays.com,imct0Ef,pantoninlj
777,cbrabenlk@nih.gov,S9XUGJ,msalvagelk
778,cattonll@sun.com,BxnJz6FH,cbasleyll
779,dwalshawlm@chicagotribune.com,msDLM5qqnViE,rvasyutochkinlm
780,dmaingotln@howstuffworks.com,dV83pdo9,tfeversln
781,mmalzardlo@tinypic.com,tMJOz6y8ts3,skeeslo
782,womrodlp@yahoo.co.jp,dqIoSFZWBwRn,fmixturelp
783,rsallierelq@mail.ru,P08zud,gharcombelq
784,bgonzalolr@jigsy.com,MJP7J6w,arumblelr
785,bkyndredls@tumblr.com,y5k18Yl365Kt,mmacallasterls
786,gfergysonlt@independent.co.uk,Sv506y2rqr,fcoddingtonlt
787,cmertonlu@woothemes.com,ZA5mdovQfb,glawransonlu
788,hhenighanlv@google.ru,oRYrUNdu,ccordonlv
789,dmackeoghlw@china.com.cn,YHErTfI,adensielw
790,lbreckenlx@omniture.com,clnruRVtG,lboottonlx
791,mscalesly@comsenz.com,ecSeKo,pnorthagely
792,rwildorlz@deliciousdays.com,9OS5Gg0Y,bjovanoviclz
793,ktaxm0@cbslocal.com,MQoPSiV6Wn7i,xhayballm0
794,nbolwellm1@ftc.gov,jfPy4M,msproulsm1
795,hraigattm2@dagondesign.com,4Cl9AUG0Lvh7,rcaughtem2
796,fodegaardm3@blogtalkradio.com,TV4Q8SB52rf5,gashingtonm3
797,egabbottsm4@ucoz.ru,XkTYDo9H,gwhitechurchm4
798,lfernihoughm5@hhs.gov,LkYusbD0N4,aleilm5
799,gliesm6@sina.com.cn,SzZjDggnGJF,trivallandm6
800,rindgem7@elpais.com,vhcWzp7zyDJZ,ggiacovellim7
801,chaldenbym8@vinaora.com,JOL4wA,nwodelandm8
802,rdrabblem9@bing.com,0wIhDePa,hlaintonm9
803,csarfatima@go.com,EBZuoSBEE,mmerringma
804,cpovermb@cbsnews.com,IczDjpCWJn,maldusmb
805,urainermc@dedecms.com,hXiuvI7vr,bfrydmc
806,mpenellimd@loc.gov,hjIlKgazKwDF,agiuronmd
807,smccluskeyme@hostgator.com,KI7r7zHrMhz,grankinme
808,iwillmanmf@scribd.com,Ch7g23WYoL,ebielfeltmf
809,breuthermg@xrea.com,VeyvgH9wezKx,jgriggmg
810,pquoganmh@123-reg.co.uk,GyNgvKDCv,dbeauchampmh
811,fbarracksmi@usda.gov,FMcXLC,kdeportemi
812,cstrikemj@mit.edu,omH7ac,eolleymj
813,eratnegemk@soup.io,aSr0ui,owhitcombemk
814,sbranchflowerml@slideshare.net,T5Xrpx,bgerrishml
815,egiannazzimm@psu.edu,QsMmvri,tbeaushawmm
816,nkendrickmn@springer.com,JofBRttoObd,cakredmn
817,lfosbraeymo@princeton.edu,73TlTfiT,bclawleymo
818,pspouremp@cnbc.com,EIEVVLcnVvAx,idownsmp
819,dhostonmq@chronoengine.com,T7XSA7Jk,croddermq
820,kpilkintonmr@nasa.gov,tFp9cU,enencimr
821,msalvatorems@squidoo.com,ecWP5hB7l6ZG,twardallms
822,lvintonmt@apache.org,7Sihw8PwPR,jdormermt
823,gmcgunleymu@lulu.com,UEx5c95NKG,lskentelberymu
824,condracekmv@ask.com,ocfnaa,bveryardmv
825,rguillonmw@statcounter.com,y8oPsZqqIo4l,yfrostdickemw
826,hdutchmx@yellowpages.com,TGFEY8tR,gminchermx
827,ypetrelluzzimy@webeden.co.uk,lyV5yX8w0tv,lvandenveldenmy
828,gcroftmz@mapquest.com,65qUMy1XCiJu,zgilliesmz
829,myokeln0@behance.net,JPMthVdms1,cdrinkeldn0
830,zharmsonn1@mac.com,B3NTJC,radolthinen1
831,jluttgern2@guardian.co.uk,NLonHH,sfiddyn2
832,lcofaxn3@ucoz.com,oyND8a4M,mmossn3
833,agallimoren4@imageshack.us,tWoMALxE5V,rpiatkowskin4
834,esallengern5@miitbeian.gov.cn,AqlDtICeDvZa,rstandonn5
835,selln6@pbs.org,qkPKevc4xbCk,sferebeen6
836,lelstonen7@time.com,HCgpZi7aMmnx,nferandezn7
837,cseeksn8@seesaa.net,G2x7pDaI15,aclimpsonn8
838,kcoulthardn9@usda.gov,LgmGks,iscartifieldn9
839,gmaltsterna@icio.us,yj2ledgS3RE,chardypigginna
840,lionnidisnb@feedburner.com,Txo98hmb2J9,ncantwellnb
841,elevertonnc@blogtalkradio.com,IVQbbY6wMkH,hmaplestonenc
842,mcellernd@adobe.com,1e9Wv3YR6,nclunannd
843,agaynesfordne@arstechnica.com,uI2LQM,rminguetne
844,tybarranf@google.nl,jw0O3DWkIQK,hsellornf
845,hpuckerng@youku.com,uHxOIOg,rdelafieldng
846,cmennearnh@github.io,nOrHgxlC,mbramnh
847,ataigni@reverbnation.com,wkhMuyIVi,mtaytni
848,dcroomnj@bigcartel.com,jzFo3wjhpz0,eshillabearenj
849,jdomercnk@tiny.cc,b6E080Uvj,mpicknettnk
850,emongannl@cargocollective.com,ZiRqfNzCP,mhutcheonsnl
851,mvickermannm@scientificamerican.com,v283tjN1DGzZ,sfishleynm
852,ispearenn@nih.gov,CJXoGas0,equaifenn
853,ctrainorno@wikipedia.org,3Jmt5J,hvurleyno
854,kdanitnp@loc.gov,wbJ74MIIEKu,scarlingnp
855,flathamnq@kickstarter.com,M7Mh8l,ibuckellnq
856,candrzejewskinr@wikia.com,VSlsiUzj,einkernr
857,aaudsleyns@t-online.de,paeshulWpjf,daldersonns
858,nlambnt@webeden.co.uk,fQAMtIi,xvanderplasnt
859,gdeekesnu@tripod.com,HjLLMFTP,fgrabbannu
860,metucknv@nydailynews.com,YRLPs63S,kmaffiottinv
861,astebbinsnw@msu.edu,7iKlzTCSLM,gmacpaikenw
862,jpithericknx@businessinsider.com,ZHVcG7C,nstucknx
863,dsaphny@bravesites.com,bDLjVJnkf4GN,zmccayny
864,gcailnz@amazon.com,8ymMAQ3,echeelnz
865,mdossantoso0@phpbb.com,PxpsDOk,sgoudao0
866,malisono1@sourceforge.net,oHhaZkJCi,ecrutchero1
867,wpollicotto2@psu.edu,PdkOT8X12,cmablyo2
868,arateo3@cnn.com,IMZolvKQ3yt,spotburyo3
869,twassungo4@gnu.org,f3exi3n,wpollingtono4
870,rhelleno5@opera.com,tyejqNzQy1ZF,braweo5
871,gcollynso6@freewebs.com,KP1j6afVKYjz,cattreedo6
872,edomenichellio7@tmall.com,GBHfCrL,dboyeso7
873,nmordacaio8@1688.com,RWtlZp6,ggibbingso8
874,nlemoucheuxo9@multiply.com,PXvdWBMpnQ7,bdifilippoo9
875,raustenoa@a8.net,e6yKAq2h,bpointingoa
876,lrenhardob@jugem.jp,boFEel,cguerolaob
877,bwilflingeroc@spotify.com,uOYBFDZPX,bideloc
878,mmcculloghod@google.com.au,SRGRmE9StLv,jjeeksod
879,jjacquemotoe@indiatimes.com,USK5lMlf,ggoodieroe
880,ajohnkeof@360.cn,F59SAKPWnT,sfisbeyof
881,gtunnahog@patch.com,ZFqcxd,dbentzog
882,fbannardoh@scribd.com,t3hhzXG4,dcabottooh
883,eelderidgeoi@rakuten.co.jp,ufWDS5L,mgaucheoi
884,bsimukovoj@4shared.com,lKo9N6CI8Rq,larnoldioj
885,cworstallok@ustream.tv,MhnQX8WnIJ,bspightok
886,glarretol@instagram.com,JPeAsdwy5,yendsol
887,edevenportom@ask.com,QXCDSx,htillardom
888,cghidottion@moonfruit.com,m5mKsng,bfleckneyon
889,vfrancoo@tripadvisor.com,NvCIVch7,hdivalloo
890,vlarcherop@squarespace.com,xeuUaArCFxo,tkinnochop
891,dtenauntoq@friendfeed.com,sfVcPIzT,scapinettioq
892,bfitzpatrickor@prweb.com,M6C9bkjI,bclaeskensor
893,rmyhillos@intel.com,LCQ4e6ZoIUy,heselos
894,fbloxamot@nba.com,J04ajBDK56o,lobinot
895,csammsou@amazon.co.uk,35symQa7zS2J,epollokou
896,elethabridgeov@slideshare.net,OjwPNI6v,chaberjamov
897,glindenbluthow@scribd.com,Y2Ir6m,vcaunterow
898,slowellox@reddit.com,CjTosF4Z4k,cbenoistox
899,rbrunelleschioy@umn.edu,FwkPgvPVPFs,imcsharryoy
900,kweatheyoz@gravatar.com,V03e7OS,lbiddleoz
901,nbunnellp0@ameblo.jp,2cQ5kOpyW0,btronip0
902,cpimblottep1@prnewswire.com,ARtqO7ZJ,sodooghainep1
903,naspellp2@g.co,RtieuAzo,bklainerp2
904,agumbyp3@china.com.cn,dGBJPnPPld,gholahp3
905,kescalap4@shop-pro.jp,uds07kuT,lbiggsp4
906,mbamellp5@storify.com,ChedPak,adanburyp5
907,ahardwinp6@w3.org,xxkK5xDrorXb,dyearnp6
908,mbachmannp7@xrea.com,UZZPaFB1pVlg,dkeavesp7
909,aturviep8@blogs.com,HxPhJoE,edacostap8
910,fbogeysp9@imageshack.us,Rjl2eYT2,kgarnallp9
911,rtorticepa@washingtonpost.com,djuL96U,pgeorgpa
912,fschaferpb@jalbum.net,aBIgUVpV9,rbeaushawpb
913,citchinghampc@oaic.gov.au,xjvHpSyj6z,eskewspc
914,cmckearnenpd@purevolume.com,yzBLQO1X3oo,kstanyerpd
915,lgerberpe@reference.com,xIn073X7,evenourpe
916,ftreadwellpf@mysql.com,fYuBg3hGpo,venderwickpf
917,lelsterpg@usa.gov,TlLthbP,sstanylandpg
918,rdurkinph@jiathis.com,XWnx9W0GR,cdiggleph
919,lyeskinpi@google.de,Sk1QeDNn5v2y,blegassickpi
920,edurdypj@163.com,vs7cm4o,dashcroftpj
921,adevaenpk@sakura.ne.jp,mXUPWEuntxv,mbalstonepk
922,rpailpl@gnu.org,yTJRTHYKyK,gbesantiepl
923,shearfieldpm@telegraph.co.uk,IsQxFOm,tmerrienpm
924,sesterbrookpn@addthis.com,Dmm2pM9Ii,rredgatepn
925,hhuddlestonepo@phpbb.com,sjrjVp0W,kvainespo
926,sblastockpp@go.com,tKKumui9aMSQ,dperagopp
927,malyutinpq@merriam-webster.com,rpfhQL,rsalkeldpq
928,mandriessenpr@shop-pro.jp,6RePu7MKPyxL,fclacepr
929,mnardrupps@smh.com.au,sTBZlZTfCYL,glittledykeps
930,smcmennumpt@gmpg.org,M67eFIJGM,mredihalghpt
931,asandilandspu@ucoz.ru,GWHZ4jC4Ue8,mhappelpu
932,hsheppardpv@amazon.com,fymYbz1xut1,ncollidgepv
933,skettlespw@free.fr,P0xjrymO,omallebonepw
934,kpetracchipx@mail.ru,uVHr1SYD,rsnassellpx
935,ccarrutherspy@netlog.com,Cdjp749dXE,iritterpy
936,dsabbertonpz@amazon.de,JTcmbFufvl0,ebarnwillepz
937,vmateikoq0@lulu.com,xzk0Muwv,epuntonq0
938,vrawstornq1@nymag.com,Lz253w4OD,perangeyq1
939,jberkaq2@squarespace.com,ILANTT,atraskq2
940,wkensholeq3@shinystat.com,0d1fLwPo,aeadesq3
941,tstanyforthq4@ebay.com,gpqbHA9ae2XE,rjaxonq4
942,gdenleyq5@accuweather.com,VhT0k7dpkDr,alewendonq5
943,jbohljeq6@blinklist.com,PDREBukR3oZB,ncorranq6
944,hpoppyq7@goodreads.com,0sXaLtYGf,gcrowcombeq7
945,itallboyq8@intel.com,Zcss15C,cedgellerq8
946,asorrillq9@cornell.edu,NF2CIXJ9uW,aferrantq9
947,hgorchqa@chicagotribune.com,JcMLVUVgc5P,nduggetqa
948,rbrazilqb@dropbox.com,QwCv1j4ccghv,swolfendenqb
949,wyantsevqc@timesonline.co.uk,MGHth0,cfernqc
950,kpingstoneqd@taobao.com,RdfD3vhL7x,mhuygensqd
951,etonkesqe@google.nl,7QQno32Jw,ahiblingqe
952,lstainfieldqf@businessinsider.com,MrYX3gtWSi5e,tpoatqf
953,galdridgeqg@foxnews.com,vT3ufL8,swrintmoreqg
954,lsalzburgerqh@cornell.edu,GtITC4awxk9,gbroddleqh
955,sbridywaterqi@linkedin.com,LCGXptT,htomblesonqi
956,hcradeyqj@parallels.com,1TBCnEuxQ,drawdallqj
957,pchesworthqk@toplist.cz,fij1LzVDzS43,osutterqk
958,gmcnabql@biglobe.ne.jp,P2HmFdwZT,nwoolertonql
959,imcgillivrayqm@blogspot.com,9KHTXk,reakeqm
960,afaichnieqn@google.co.uk,fjjSIDyMd,jmccoishqn
961,gkisbyqo@nymag.com,xjpfojH,lcauntqo
962,apaceqp@netlog.com,eFCYTbEAu,ashawyerqp
963,dnapoliqq@nasa.gov,ncSgzZxkYaS,gnorwichqq
964,jbrierlyqr@soundcloud.com,KfnSqTFj,vjoscelyneqr
965,kmingauldqs@tinyurl.com,J2uBLQuaJ,gdunicanqs
966,sdobrovskyqt@bravesites.com,oR3aSrA,cakessqt
967,kayrtonqu@craigslist.org,MIZhjls0a,jcorbenqu
968,dagastinaqv@furl.net,nmzUYAZEDa,msimmoniteqv
969,kwintringhamqw@desdev.cn,JY6WXrcUkKV,jhardypigginqw
970,mburdikinqx@cbc.ca,RraHajWpx,cbolfqx
971,ssmullinqy@craigslist.org,Nu8AOutJ,stopqy
972,wbalassaqz@chicagotribune.com,npmoAIQQfJxJ,dkaliszewskiqz
973,gcordnerr0@cam.ac.uk,KAaiXmS,kdumelowr0
974,ajedrysr1@imdb.com,U2snqj3XMvR,gslatcherr1
975,aaleshintsevr2@howstuffworks.com,DhsUft3Q,gruusar2
976,tallumr3@blogspot.com,MUCbQV7gL,prosasr3
977,mmcinerneyr4@lycos.com,mdJ1x1eh,khelbeckr4
978,byarnellr5@drupal.org,uHeMrQpCHHY,jmaldinr5
979,ykynseyr6@ovh.net,B6d0cDw4hcNq,lbarnbyr6
980,fmaragesr7@reddit.com,mcpnJ82yv,croncir7
981,tmainer8@webeden.co.uk,NTWDGfXNMWDp,wrackr8
982,tjezzardr9@purevolume.com,Ngi2rml8Xnt3,eoruaner9
983,wkeaysellra@csmonitor.com,vFqf4oj,hcornnerra
984,azannotellirb@squidoo.com,D4jfeH,ecocozzarb
985,sdoerrlingrc@bloomberg.com,AF36JnvB,cterneyrc
986,gsuermeiersrd@privacy.gov.au,XpbhopZR,rironmongerrd
987,abottinire@nydailynews.com,2bWx5VprX,rmalafere
988,aitzkovitchrf@apple.com,aqtYxA5G5U,kflacknoerf
989,ajaulmesrg@w3.org,gy76UIpfXNc5,gglashbyrg
990,sdoickrh@europa.eu,gdTwlKulzd,tmeacherrh
991,daiersri@ifeng.com,AtDQYMcA4WUO,gaustonri
992,epedrocchirj@dropbox.com,gVKvJm5aBUdt,llebrumrj
993,darnowrk@yale.edu,YLTMbfoTq6co,mgodehardsfrk
994,lsargentrl@sbwire.com,xzCDTcCVNhj,wraymondrl
995,ledlinrm@hugedomains.com,IVwELct0dEC,hhesserrm
996,wglidderrn@sitemeter.com,XTTQvqtyJtB,medingtonrn
997,hcamelliniro@simplemachines.org,nXkjsXH,mchatellro
998,rwanellrp@shutterfly.com,E0FTJWz4xJlv,ideyerp
999,edealeyrq@flavors.me,7zc9Op,mbabberrq
1000,bmyrtlerr@devhub.com,jGCrn7lrf,delnerrr
